abilities,against_bug,against_dark,against_dragon,against_electric,against_fairy,against_fight,against_fire,against_flying,against_ghost,against_grass,against_ground,against_ice,against_normal,against_poison,against_psychic,against_rock,against_steel,against_water,attack,base_egg_steps,base_happiness,base_total,capture_rate,classfication,defense,experience_growth,height_m,hp,japanese_name,name,percentage_male,pokedex_number,sp_attack,sp_defense,speed,type1,type2,weight_kg,generation,is_legendary
['Overgrow'; 'Chlorophyll'],1,1,1,0.5,0.5,0.5,2,2,1,0.25,1,2,1,1,2,1,1,0.5,49,5120,70,318,45,Seed PokÃ©mon,49,1059860,0.7,45,Fushigidaneãƒ•ã‚·ã‚®ãƒ€ãƒ,Bulbasaur,88.1,1,65,65,45,grass,poison,6.9,1,0
['Overgrow'; 'Chlorophyll'],1,1,1,0.5,0.5,0.5,2,2,1,0.25,1,2,1,1,2,1,1,0.5,62,5120,70,405,45,Seed PokÃ©mon,63,1059860,1,60,Fushigisouãƒ•ã‚·ã‚®ã‚½ã‚¦,Ivysaur,88.1,2,80,80,60,grass,poison,13,1,0
['Overgrow'; 'Chlorophyll'],1,1,1,0.5,0.5,0.5,2,2,1,0.25,1,2,1,1,2,1,1,0.5,100,5120,70,625,45,Seed PokÃ©mon,123,1059860,2,80,Fushigibanaãƒ•ã‚·ã‚®ãƒãƒŠ,Venusaur,88.1,3,122,120,80,grass,poison,100,1,0
['Blaze'; 'Solar Power'],0.5,1,1,1,0.5,1,0.5,1,1,0.5,2,0.5,1,1,1,2,0.5,2,52,5120,70,309,45,Lizard PokÃ©mon,43,1059860,0.6,39,Hitokageãƒ’ãƒˆã‚«ã‚²,Charmander,88.1,4,60,50,65,fire,,8.5,1,0
['Blaze'; 'Solar Power'],0.5,1,1,1,0.5,1,0.5,1,1,0.5,2,0.5,1,1,1,2,0.5,2,64,5120,70,405,45,Flame PokÃ©mon,58,1059860,1.1,58,Lizardoãƒªã‚¶ãƒ¼ãƒ‰,Charmeleon,88.1,5,80,65,80,fire,,19,1,0
['Blaze'; 'Solar Power'],0.25,1,1,2,0.5,0.5,0.5,1,1,0.25,0,1,1,1,1,4,0.5,2,104,5120,70,634,45,Flame PokÃ©mon,78,1059860,1.7,78,Lizardonãƒªã‚¶ãƒ¼ãƒ‰ãƒ³,Charizard,88.1,6,159,115,100,fire,flying,90.5,1,0
['Torrent'; 'Rain Dish'],1,1,1,2,1,1,0.5,1,1,2,1,0.5,1,1,1,1,0.5,0.5,48,5120,70,314,45,Tiny Turtle PokÃ©mon,65,1059860,0.5,44,Zenigameã‚¼ãƒ‹ã‚¬ãƒ¡,Squirtle,88.1,7,50,64,43,water,,9,1,0
['Torrent'; 'Rain Dish'],1,1,1,2,1,1,0.5,1,1,2,1,0.5,1,1,1,1,0.5,0.5,63,5120,70,405,45,Turtle PokÃ©mon,80,1059860,1,59,Kameilã‚«ãƒ¡ãƒ¼ãƒ«,Wartortle,88.1,8,65,80,58,water,,22.5,1,0
['Torrent'; 'Rain Dish'],1,1,1,2,1,1,0.5,1,1,2,1,0.5,1,1,1,1,0.5,0.5,103,5120,70,630,45,Shellfish PokÃ©mon,120,1059860,1.6,79,Kamexã‚«ãƒ¡ãƒƒã‚¯ã‚¹,Blastoise,88.1,9,135,115,78,water,,85.5,1,0
['Shield Dust'; 'Run Away'],1,1,1,1,1,0.5,2,2,1,0.5,0.5,1,1,1,1,2,1,1,30,3840,70,195,255,Worm PokÃ©mon,35,1000000,0.3,45,Caterpieã‚­ãƒ£ã‚¿ãƒ”ãƒ¼,Caterpie,50,10,20,20,45,bug,,2.9,1,0
['Shed Skin'],1,1,1,1,1,0.5,2,2,1,0.5,0.5,1,1,1,1,2,1,1,20,3840,70,205,120,Cocoon PokÃ©mon,55,1000000,0.7,50,Transelãƒˆãƒ©ãƒ³ã‚»ãƒ«,Metapod,50,11,25,25,30,bug,,9.9,1,0
['Compoundeyes'; 'Tinted Lens'],0.5,1,1,2,1,0.25,2,2,1,0.25,0,2,1,1,1,4,1,1,45,3840,70,395,45,Butterfly PokÃ©mon,50,1000000,1.1,60,Butterfreeãƒã‚¿ãƒ•ãƒªãƒ¼,Butterfree,50,12,90,80,70,bug,flying,32,1,0
['Shield Dust'; 'Run Away'],0.5,1,1,1,0.5,0.25,2,2,1,0.25,1,1,1,0.5,2,2,1,1,35,3840,70,195,255,Hairy PokÃ©mon,30,1000000,0.3,40,Beedleãƒ“ãƒ¼ãƒ‰ãƒ«,Weedle,50,13,20,20,50,bug,poison,3.2,1,0
['Shed Skin'],0.5,1,1,1,0.5,0.25,2,2,1,0.25,1,1,1,0.5,2,2,1,1,25,3840,70,205,120,Cocoon PokÃ©mon,50,1000000,0.6,45,Cocoonã‚³ã‚¯ãƒ¼ãƒ³,Kakuna,50,14,25,25,35,bug,poison,10,1,0
['Swarm'; 'Sniper'],0.5,1,1,1,0.5,0.25,2,2,1,0.25,1,1,1,0.5,2,2,1,1,150,3840,70,495,45,Poison Bee PokÃ©mon,40,1000000,1,65,Spearã‚¹ãƒ”ã‚¢ãƒ¼,Beedrill,50,15,15,80,145,bug,poison,29.5,1,0
['Keen Eye'; 'Tangled Feet'; 'Big Pecks'],0.5,1,1,2,1,1,1,1,0,0.5,0,2,1,1,1,2,1,1,45,3840,70,251,255,Tiny Bird PokÃ©mon,40,1059860,0.3,40,Poppoãƒãƒƒãƒ,Pidgey,50,16,35,35,56,normal,flying,1.8,1,0
['Keen Eye'; 'Tangled Feet'; 'Big Pecks'],0.5,1,1,2,1,1,1,1,0,0.5,0,2,1,1,1,2,1,1,60,3840,70,349,120,Bird PokÃ©mon,55,1059860,1.1,63,Pigeonãƒ”ã‚¸ãƒ§ãƒ³,Pidgeotto,50,17,50,50,71,normal,flying,30,1,0
['Keen Eye'; 'Tangled Feet'; 'Big Pecks'],0.5,1,1,2,1,1,1,1,0,0.5,0,2,1,1,1,2,1,1,80,3840,70,579,45,Bird PokÃ©mon,80,1059860,1.5,83,Pigeotãƒ”ã‚¸ãƒ§ãƒƒãƒˆ,Pidgeot,50,18,135,80,121,normal,flying,39.5,1,0
['Run Away'; 'Guts'; 'Hustle'; 'Gluttony'; 'Hustle'; 'Thick Fat'],1,1,1,1,1,2,1,1,0,1,1,1,1,1,1,1,1,1,56,3840,70,253,255,Mouse PokÃ©mon,35,1000000,,30,Korattaã‚³ãƒ©ãƒƒã‚¿,Rattata,50,19,25,35,72,normal,dark,,1,0
['Run Away'; 'Guts'; 'Hustle'; 'Gluttony'; 'Hustle'; 'Thick Fat'],1,1,1,1,1,2,1,1,0,1,1,1,1,1,1,1,1,1,71,3840,70,413,127,Mouse PokÃ©mon,70,1000000,,75,Rattaãƒ©ãƒƒã‚¿,Raticate,50,20,40,80,77,normal,dark,,1,0
['Keen Eye'; 'Sniper'],0.5,1,1,2,1,1,1,1,0,0.5,0,2,1,1,1,2,1,1,60,3840,70,262,255,Tiny Bird PokÃ©mon,30,1000000,0.3,40,Onisuzumeã‚ªãƒ‹ã‚¹ã‚ºãƒ¡,Spearow,50,21,31,31,70,normal,flying,2,1,0
['Keen Eye'; 'Sniper'],0.5,1,1,2,1,1,1,1,0,0.5,0,2,1,1,1,2,1,1,90,3840,70,442,90,Beak PokÃ©mon,65,1000000,1.2,65,Onidrillã‚ªãƒ‹ãƒ‰ãƒªãƒ«,Fearow,50,22,61,61,100,normal,flying,38,1,0
['Intimidate'; 'Shed Skin'; 'Unnerve'],0.5,1,1,1,0.5,0.5,1,1,1,0.5,2,1,1,0.5,2,1,1,1,60,5120,70,288,255,Snake PokÃ©mon,44,1000000,2,35,Arboã‚¢ãƒ¼ãƒœ,Ekans,50,23,40,54,55,poison,,6.9,1,0
['Intimidate'; 'Shed Skin'; 'Unnerve'],0.5,1,1,1,0.5,0.5,1,1,1,0.5,2,1,1,0.5,2,1,1,1,95,5120,70,448,90,Cobra PokÃ©mon,69,1000000,3.5,60,Arbokã‚¢ãƒ¼ãƒœãƒƒã‚¯,Arbok,50,24,65,79,80,poison,,65,1,0
['Static'; 'Lightningrod'],1,1,1,0.5,1,1,1,0.5,1,1,2,1,1,1,1,1,0.5,1,55,2560,70,320,190,Mouse PokÃ©mon,40,1000000,0.4,35,Pikachuãƒ”ã‚«ãƒãƒ¥ã‚¦,Pikachu,50,25,50,50,90,electric,,6,1,0
['Static'; 'Lightningrod'; 'Surge Surfer'],1,1,1,0.5,1,1,1,0.5,1,1,2,1,1,1,1,1,0.5,1,85,2560,70,485,75,Mouse PokÃ©mon,50,1000000,,60,Raichuãƒ©ã‚¤ãƒãƒ¥ã‚¦,Raichu,50,26,95,85,110,electric,electric,,1,0
['Sand Veil'; 'Sand Rush'; 'Snow Cloak'; 'Slush Rush'],1,1,1,0,1,1,1,1,1,2,1,2,1,0.5,1,0.5,1,2,75,5120,70,300,255,Mouse PokÃ©mon,90,1000000,,50,Sandã‚µãƒ³ãƒ‰,Sandshrew,50,27,10,35,40,ground,ice,,1,0
['Sand Veil'; 'Sand Rush'; 'Snow Cloak'; 'Slush Rush'],1,1,1,0,1,1,1,1,1,2,1,2,1,0.5,1,0.5,1,2,100,5120,70,450,90,Mouse PokÃ©mon,120,1000000,,75,Sandpanã‚µãƒ³ãƒ‰ãƒ‘ãƒ³,Sandslash,50,28,25,65,65,ground,ice,,1,0
['Poison Point'; 'Rivalry'; 'Hustle'],0.5,1,1,1,0.5,0.5,1,1,1,0.5,2,1,1,0.5,2,1,1,1,47,5120,70,275,235,Poison Pin PokÃ©mon,52,1059860,0.4,55,Nidoran?ãƒ‹ãƒ‰ãƒ©ãƒ³â™€,Nidoranâ™€,0,29,40,40,41,poison,,7,1,0
['Poison Point'; 'Rivalry'; 'Hustle'],0.5,1,1,1,0.5,0.5,1,1,1,0.5,2,1,1,0.5,2,1,1,1,62,5120,70,365,120,Poison Pin PokÃ©mon,67,1059860,0.8,70,Nidorinaãƒ‹ãƒ‰ãƒªãƒ¼ãƒŠ,Nidorina,0,30,55,55,56,poison,,20,1,0
['Poison Point'; 'Rivalry'; 'Sheer Force'],0.5,1,1,0,0.5,0.5,1,1,1,1,2,2,1,0.25,2,0.5,1,2,92,5120,70,505,45,Drill PokÃ©mon,87,1059860,1.3,90,Nidoqueenãƒ‹ãƒ‰ã‚¯ã‚¤ãƒ³,Nidoqueen,0,31,75,85,76,poison,ground,60,1,0
['Poison Point'; 'Rivalry'; 'Hustle'],0.5,1,1,1,0.5,0.5,1,1,1,0.5,2,1,1,0.5,2,1,1,1,57,5120,70,273,235,Poison Pin PokÃ©mon,40,1059860,0.5,46,Nidoran?ãƒ‹ãƒ‰ãƒ©ãƒ³â™‚,Nidoranâ™‚,100,32,40,40,50,poison,,9,1,0
['Poison Point'; 'Rivalry'; 'Hustle'],0.5,1,1,1,0.5,0.5,1,1,1,0.5,2,1,1,0.5,2,1,1,1,72,5120,70,365,120,Poison Pin PokÃ©mon,57,1059860,0.9,61,Nidorinoãƒ‹ãƒ‰ãƒªãƒ¼ãƒŽ,Nidorino,100,33,55,55,65,poison,,19.5,1,0
['Poison Point'; 'Rivalry'; 'Sheer Force'],0.5,1,1,0,0.5,0.5,1,1,1,1,2,2,1,0.25,2,0.5,1,2,102,5120,70,505,45,Drill PokÃ©mon,77,1059860,1.4,81,Nidokingãƒ‹ãƒ‰ã‚­ãƒ³ã‚°,Nidoking,100,34,85,75,85,poison,ground,62,1,0
['Cute Charm'; 'Magic Guard'; 'Friend Guard'],0.5,0.5,0,1,1,0.5,1,1,1,1,1,1,1,2,1,1,2,1,45,2560,140,323,150,Fairy PokÃ©mon,48,800000,0.6,70,Pippiãƒ”ãƒƒãƒ”,Clefairy,24.6,35,60,65,35,fairy,,7.5,1,0
['Cute Charm'; 'Magic Guard'; 'Unaware'],0.5,0.5,0,1,1,0.5,1,1,1,1,1,1,1,2,1,1,2,1,70,2560,140,483,25,Fairy PokÃ©mon,73,800000,1.3,95,Pixyãƒ”ã‚¯ã‚·ãƒ¼,Clefable,24.6,36,95,90,60,fairy,,40,1,0
['Flash Fire'; 'Drought'; 'Snow Cloak'; 'Snow Warning'],0.5,1,1,1,0.5,1,0.5,1,1,0.5,2,0.5,1,1,1,2,0.5,2,41,5120,70,299,190,Fox PokÃ©mon,40,1000000,,38,Rokonãƒ­ã‚³ãƒ³,Vulpix,24.6,37,50,65,65,fire,ice,,1,0
['Flash Fire'; 'Drought'; 'Snow Cloak'; 'Snow Warning'],0.5,1,1,1,0.5,1,0.5,1,1,0.5,2,0.5,1,1,1,2,0.5,2,67,5120,70,505,75,Fox PokÃ©mon,75,1000000,,73,Kyukonã‚­ãƒ¥ã‚¦ã‚³ãƒ³,Ninetales,24.6,38,81,100,109,fire,ice,,1,0
['Cute Charm'; 'Competitive'; 'Friend Guard'],0.5,0.5,0,1,1,1,1,1,0,1,1,1,1,2,1,1,2,1,45,2560,70,270,170,Balloon PokÃ©mon,20,800000,0.5,115,Purinãƒ—ãƒªãƒ³,Jigglypuff,24.6,39,45,25,20,normal,fairy,5.5,1,0
['Cute Charm'; 'Competitive'; 'Frisk'],0.5,0.5,0,1,1,1,1,1,0,1,1,1,1,2,1,1,2,1,70,2560,70,435,50,Balloon PokÃ©mon,45,800000,1,140,Pukurinãƒ—ã‚¯ãƒªãƒ³,Wigglytuff,24.6,40,85,50,45,normal,fairy,12,1,0
['Inner Focus'; 'Infiltrator'],0.25,1,1,2,0.5,0.25,1,1,1,0.25,0,2,1,0.5,2,2,1,1,45,3840,70,245,255,Bat PokÃ©mon,35,1000000,0.8,40,Zubatã‚ºãƒãƒƒãƒˆ,Zubat,50,41,30,40,55,poison,flying,7.5,1,0
['Inner Focus'; 'Infiltrator'],0.25,1,1,2,0.5,0.25,1,1,1,0.25,0,2,1,0.5,2,2,1,1,80,3840,70,455,90,Bat PokÃ©mon,70,1000000,1.6,75,Golbatã‚´ãƒ«ãƒãƒƒãƒˆ,Golbat,50,42,65,75,90,poison,flying,55,1,0
['Chlorophyll'; 'Run Away'],1,1,1,0.5,0.5,0.5,2,2,1,0.25,1,2,1,1,2,1,1,0.5,50,5120,70,320,255,Weed PokÃ©mon,55,1059860,0.5,45,NazonokusaãƒŠã‚¾ãƒŽã‚¯ã‚µ,Oddish,50,43,75,65,30,grass,poison,5.4,1,0
['Chlorophyll'; 'Stench'],1,1,1,0.5,0.5,0.5,2,2,1,0.25,1,2,1,1,2,1,1,0.5,65,5120,70,395,120,Weed PokÃ©mon,70,1059860,0.8,60,Kusaihanaã‚¯ã‚µã‚¤ãƒãƒŠ,Gloom,50,44,85,75,40,grass,poison,8.6,1,0
['Chlorophyll'; 'Effect Spore'],1,1,1,0.5,0.5,0.5,2,2,1,0.25,1,2,1,1,2,1,1,0.5,80,5120,70,490,45,Flower PokÃ©mon,85,1059860,1.2,75,Ruffresiaãƒ©ãƒ•ãƒ¬ã‚·ã‚¢,Vileplume,50,45,110,90,50,grass,poison,18.6,1,0
['Effect Spore'; 'Dry Skin'; 'Damp'],2,1,1,0.5,1,0.5,4,4,1,0.25,0.25,2,1,2,1,2,1,0.5,70,5120,70,285,190,Mushroom PokÃ©mon,55,1000000,0.3,35,Parasãƒ‘ãƒ©ã‚¹,Paras,50,46,45,55,25,bug,grass,5.4,1,0
['Effect Spore'; 'Dry Skin'; 'Damp'],2,1,1,0.5,1,0.5,4,4,1,0.25,0.25,2,1,2,1,2,1,0.5,95,5120,70,405,75,Mushroom PokÃ©mon,80,1000000,1,60,Parasectãƒ‘ãƒ©ã‚»ã‚¯ãƒˆ,Parasect,50,47,60,80,30,bug,grass,29.5,1,0
['Compoundeyes'; 'Tinted Lens'; 'Run Away'],0.5,1,1,1,0.5,0.25,2,2,1,0.25,1,1,1,0.5,2,2,1,1,55,5120,70,305,190,Insect PokÃ©mon,50,1000000,1,60,Kongpangã‚³ãƒ³ãƒ‘ãƒ³,Venonat,50,48,40,55,45,bug,poison,30,1,0
['Shield Dust'; 'Tinted Lens'; 'Wonder Skin '],0.5,1,1,1,0.5,0.25,2,2,1,0.25,1,1,1,0.5,2,2,1,1,65,5120,70,450,75,Poison Moth PokÃ©mon,60,1000000,1.5,70,Morphonãƒ¢ãƒ«ãƒ•ã‚©ãƒ³,Venomoth,50,49,90,75,90,bug,poison,12.5,1,0
['Sand Veil'; 'Arena Trap'; 'Sand Force'; 'Sand Veil'; 'Tangling Hair'; 'Sand Force'],1,1,1,0,1,1,1,1,1,2,1,2,1,0.5,1,0.5,1,2,55,5120,70,265,255,Mole PokÃ©mon,30,1000000,,10,Digdaãƒ‡ã‚£ã‚°ãƒ€,Diglett,50,50,35,45,90,ground,ground,,1,0
['Sand Veil'; 'Arena Trap'; 'Sand Force'; 'Sand Veil'; 'Tangling Hair'; 'Sand Force'],1,1,1,0,1,1,1,1,1,2,1,2,1,0.5,1,0.5,1,2,100,5120,70,425,50,Mole PokÃ©mon,60,1000000,,35,Dugtrioãƒ€ã‚°ãƒˆãƒªã‚ª,Dugtrio,50,51,50,70,110,ground,ground,,1,0
['Pickup'; 'Technician'; 'Unnerve'; 'Pickup'; 'Technician'; 'Rattled'],1,1,1,1,1,2,1,1,0,1,1,1,1,1,1,1,1,1,35,5120,70,290,255,Scratch Cat PokÃ©mon,35,1000000,,40,Nyarthãƒ‹ãƒ£ãƒ¼ã‚¹,Meowth,50,52,50,40,90,normal,dark,,1,0
['Limber'; 'Technician'; 'Unnerve'; 'Fur Coat'; 'Technician'; 'Rattled'],1,1,1,1,1,2,1,1,0,1,1,1,1,1,1,1,1,1,60,5120,70,440,90,Classy Cat PokÃ©mon,60,1000000,,65,Persianãƒšãƒ«ã‚·ã‚¢ãƒ³,Persian,50,53,75,65,115,normal,dark,,1,0
['Damp'; 'Cloud Nine'; 'Swift Swim'],1,1,1,2,1,1,0.5,1,1,2,1,0.5,1,1,1,1,0.5,0.5,52,5120,70,320,190,Duck PokÃ©mon,48,1000000,0.8,50,Koduckã‚³ãƒ€ãƒƒã‚¯,Psyduck,50,54,65,50,55,water,,19.6,1,0
['Damp'; 'Cloud Nine'; 'Swift Swim'],1,1,1,2,1,1,0.5,1,1,2,1,0.5,1,1,1,1,0.5,0.5,82,5120,70,500,75,Duck PokÃ©mon,78,1000000,1.7,80,Golduckã‚´ãƒ«ãƒ€ãƒƒã‚¯,Golduck,50,55,95,80,85,water,,76.6,1,0
['Vital Spirit'; 'Anger Point'; 'Defiant'],0.5,0.5,1,1,2,1,1,2,1,1,1,1,1,1,2,0.5,1,1,80,5120,70,305,190,Pig Monkey PokÃ©mon,35,1000000,0.5,40,Mankeyãƒžãƒ³ã‚­ãƒ¼,Mankey,50,56,35,45,70,fighting,,28,1,0
['Vital Spirit'; 'Anger Point'; 'Defiant'],0.5,0.5,1,1,2,1,1,2,1,1,1,1,1,1,2,0.5,1,1,105,5120,70,455,75,Pig Monkey PokÃ©mon,60,1000000,1,65,Okorizaruã‚ªã‚³ãƒªã‚¶ãƒ«,Primeape,50,57,60,70,95,fighting,,32,1,0
['Intimidate'; 'Flash Fire'; 'Justified'],0.5,1,1,1,0.5,1,0.5,1,1,0.5,2,0.5,1,1,1,2,0.5,2,70,5120,70,350,190,Puppy PokÃ©mon,45,1250000,0.7,55,Gardieã‚¬ãƒ¼ãƒ‡ã‚£,Growlithe,75.4,58,70,50,60,fire,,19,1,0
['Intimidate'; 'Flash Fire'; 'Justified'],0.5,1,1,1,0.5,1,0.5,1,1,0.5,2,0.5,1,1,1,2,0.5,2,110,5120,70,555,75,Legendary PokÃ©mon,80,1250000,1.9,90,Windieã‚¦ã‚¤ãƒ³ãƒ‡ã‚£,Arcanine,75.4,59,100,80,95,fire,,155,1,0
['Water Absorb'; 'Damp'; 'Swift Swim'],1,1,1,2,1,1,0.5,1,1,2,1,0.5,1,1,1,1,0.5,0.5,50,5120,70,300,255,Tadpole PokÃ©mon,40,1059860,0.6,40,Nyoromoãƒ‹ãƒ§ãƒ­ãƒ¢,Poliwag,50,60,40,40,90,water,,12.4,1,0
['Water Absorb'; 'Damp'; 'Swift Swim'],1,1,1,2,1,1,0.5,1,1,2,1,0.5,1,1,1,1,0.5,0.5,65,5120,70,385,120,Tadpole PokÃ©mon,65,1059860,1,65,Nyorozoãƒ‹ãƒ§ãƒ­ã‚¾,Poliwhirl,50,61,50,50,90,water,,20,1,0
['Water Absorb'; 'Damp'; 'Swift Swim'],0.5,0.5,1,2,2,1,0.5,2,1,2,1,0.5,1,1,2,0.5,0.5,0.5,95,5120,70,510,45,Tadpole PokÃ©mon,95,1059860,1.3,90,Nyorobonãƒ‹ãƒ§ãƒ­ãƒœãƒ³,Poliwrath,50,62,70,90,70,water,fighting,54,1,0
['Synchronize'; 'Inner Focus'; 'Magic Guard'],2,2,1,1,1,0.5,1,1,2,1,1,1,1,1,0.5,1,1,1,20,5120,70,310,200,Psi PokÃ©mon,15,1059860,0.9,25,Caseyã‚±ãƒ¼ã‚·ã‚£,Abra,75.4,63,105,55,90,psychic,,19.5,1,0
['Synchronize'; 'Inner Focus'; 'Magic Guard'],2,2,1,1,1,0.5,1,1,2,1,1,1,1,1,0.5,1,1,1,35,5120,70,400,100,Psi PokÃ©mon,30,1059860,1.3,40,Yungererãƒ¦ãƒ³ã‚²ãƒ©ãƒ¼,Kadabra,75.4,64,120,70,105,psychic,,56.5,1,0
['Synchronize'; 'Inner Focus'; 'Magic Guard'],2,2,1,1,1,0.5,1,1,2,1,1,1,1,1,0.5,1,1,1,50,5120,70,600,50,Psi PokÃ©mon,65,1059860,1.5,55,Foodinãƒ•ãƒ¼ãƒ‡ã‚£ãƒ³,Alakazam,75.4,65,175,105,150,psychic,,48,1,0
['Guts'; 'No Guard'; 'Steadfast'],0.5,0.5,1,1,2,1,1,2,1,1,1,1,1,1,2,0.5,1,1,80,5120,70,305,180,Superpower PokÃ©mon,50,1059860,0.8,70,Wanrikyãƒ¯ãƒ³ãƒªã‚­ãƒ¼,Machop,75.4,66,35,35,35,fighting,,19.5,1,0
['Guts'; 'No Guard'; 'Steadfast'],0.5,0.5,1,1,2,1,1,2,1,1,1,1,1,1,2,0.5,1,1,100,5120,70,405,90,Superpower PokÃ©mon,70,1059860,1.5,80,Gorikyã‚´ãƒ¼ãƒªã‚­ãƒ¼,Machoke,75.4,67,50,60,45,fighting,,70.5,1,0
['Guts'; 'No Guard'; 'Steadfast'],0.5,0.5,1,1,2,1,1,2,1,1,1,1,1,1,2,0.5,1,1,130,5120,70,505,45,Superpower PokÃ©mon,80,1059860,1.6,90,Kairikyã‚«ã‚¤ãƒªã‚­ãƒ¼,Machamp,75.4,68,65,85,55,fighting,,130,1,0
['Chlorophyll'; 'Gluttony'],1,1,1,0.5,0.5,0.5,2,2,1,0.25,1,2,1,1,2,1,1,0.5,75,5120,70,300,255,Flower PokÃ©mon,35,1059860,0.7,50,Madatsubomiãƒžãƒ€ãƒ„ãƒœãƒŸ,Bellsprout,50,69,70,30,40,grass,poison,4,1,0
['Chlorophyll'; 'Gluttony'],1,1,1,0.5,0.5,0.5,2,2,1,0.25,1,2,1,1,2,1,1,0.5,90,5120,70,390,120,Flycatcher PokÃ©mon,50,1059860,1,65,Utsudonã‚¦ãƒ„ãƒ‰ãƒ³,Weepinbell,50,70,85,45,55,grass,poison,6.4,1,0
['Chlorophyll'; 'Gluttony'],1,1,1,0.5,0.5,0.5,2,2,1,0.25,1,2,1,1,2,1,1,0.5,105,5120,70,490,45,Flycatcher PokÃ©mon,65,1059860,1.7,80,Utsubotã‚¦ãƒ„ãƒœãƒƒãƒˆ,Victreebel,50,71,100,70,70,grass,poison,15.5,1,0
['Clear Body'; 'Liquid Ooze'; 'Rain Dish'],0.5,1,1,2,0.5,0.5,0.5,1,1,1,2,0.5,1,0.5,2,1,0.5,0.5,40,5120,70,335,190,Jellyfish PokÃ©mon,35,1250000,0.9,40,Menokurageãƒ¡ãƒŽã‚¯ãƒ©ã‚²,Tentacool,50,72,50,100,70,water,poison,45.5,1,0
['Clear Body'; 'Liquid Ooze'; 'Rain Dish'],0.5,1,1,2,0.5,0.5,0.5,1,1,1,2,0.5,1,0.5,2,1,0.5,0.5,70,5120,70,515,60,Jellyfish PokÃ©mon,65,1250000,1.6,80,Dokukurageãƒ‰ã‚¯ã‚¯ãƒ©ã‚²,Tentacruel,50,73,80,120,100,water,poison,55,1,0
['Rock Head'; 'Sturdy'; 'Sand Veil'; 'Magnet Pull'; 'Sturdy'; 'Galvanize'],1,1,1,0,1,2,0.5,0.5,1,4,2,2,0.5,0.25,1,0.5,2,4,80,3840,70,300,255,Rock PokÃ©mon,100,1059860,,40,Isitsubuteã‚¤ã‚·ãƒ„ãƒ–ãƒ†,Geodude,50,74,30,30,20,rock,ground,,1,0
['Rock Head'; 'Sturdy'; 'Sand Veil'; 'Magnet Pull'; 'Sturdy'; 'Galvanize'],1,1,1,0,1,2,0.5,0.5,1,4,2,2,0.5,0.25,1,0.5,2,4,95,3840,70,390,120,Rock PokÃ©mon,115,1059860,,55,Goloneã‚´ãƒ­ãƒ¼ãƒ³,Graveler,50,75,45,45,35,rock,ground,,1,0
['Rock Head'; 'Sturdy'; 'Sand Veil'; 'Magnet Pull'; 'Sturdy'; 'Galvanize'],1,1,1,0,1,2,0.5,0.5,1,4,2,2,0.5,0.25,1,0.5,2,4,120,3840,70,495,45,Megaton PokÃ©mon,130,1059860,,80,Golonyaã‚´ãƒ­ãƒ¼ãƒ‹ãƒ£,Golem,50,76,55,65,45,rock,ground,,1,0
['Run Away'; 'Flash Fire'; 'Flame Body'],0.5,1,1,1,0.5,1,0.5,1,1,0.5,2,0.5,1,1,1,2,0.5,2,85,5120,70,410,190,Fire Horse PokÃ©mon,55,1000000,1,50,Ponytaãƒãƒ‹ãƒ¼ã‚¿,Ponyta,50,77,65,65,90,fire,,30,1,0
['Run Away'; 'Flash Fire'; 'Flame Body'],0.5,1,1,1,0.5,1,0.5,1,1,0.5,2,0.5,1,1,1,2,0.5,2,100,5120,70,500,60,Fire Horse PokÃ©mon,70,1000000,1.7,65,Gallopã‚®ãƒ£ãƒ­ãƒƒãƒ—,Rapidash,50,78,80,80,105,fire,,95,1,0
['Oblivious'; 'Own Tempo'; 'Regenerator'],2,2,1,2,1,0.5,0.5,1,2,2,1,0.5,1,1,0.5,1,0.5,0.5,65,5120,70,315,190,Dopey PokÃ©mon,65,1000000,1.2,90,Yadonãƒ¤ãƒ‰ãƒ³,Slowpoke,50,79,40,40,15,water,psychic,36,1,0
['Oblivious'; 'Own Tempo'; 'Regenerator'],2,2,1,2,1,0.5,0.5,1,2,2,1,0.5,1,1,0.5,1,0.5,0.5,75,5120,70,590,75,Hermit Crab PokÃ©mon,180,1000000,1.6,95,Yadoranãƒ¤ãƒ‰ãƒ©ãƒ³,Slowbro,50,80,130,80,30,water,psychic,78.5,1,0
['Magnet Pull'; 'Sturdy'; 'Analytic'],0.5,1,0.5,0.5,0.5,2,2,0.25,1,0.5,4,0.5,0.5,0,0.5,0.5,0.25,1,35,5120,70,325,190,Magnet PokÃ©mon,70,1000000,0.3,25,Coilã‚³ã‚¤ãƒ«,Magnemite,,81,95,55,45,electric,steel,6,1,0
['Magnet Pull'; 'Sturdy'; 'Analytic'],0.5,1,0.5,0.5,0.5,2,2,0.25,1,0.5,4,0.5,0.5,0,0.5,0.5,0.25,1,60,5120,70,465,60,Magnet PokÃ©mon,95,1000000,1,50,Rarecoilãƒ¬ã‚¢ã‚³ã‚¤ãƒ«,Magneton,,82,120,70,70,electric,steel,60,1,0
['Keen Eye'; 'Inner Focus'; 'Defiant'],0.5,1,1,2,1,1,1,1,0,0.5,0,2,1,1,1,2,1,1,90,5120,70,377,45,Wild Duck PokÃ©mon,55,1000000,0.8,52,Kamonegiã‚«ãƒ¢ãƒã‚®,Farfetch'd,50,83,58,62,60,normal,flying,15,1,0
['Run Away'; 'Early Bird'; 'Tangled Feet'],0.5,1,1,2,1,1,1,1,0,0.5,0,2,1,1,1,2,1,1,85,5120,70,310,190,Twin Bird PokÃ©mon,45,1000000,1.4,35,Dodoãƒ‰ãƒ¼ãƒ‰ãƒ¼,Doduo,50,84,35,35,75,normal,flying,39.2,1,0
['Run Away'; 'Early Bird'; 'Tangled Feet'],0.5,1,1,2,1,1,1,1,0,0.5,0,2,1,1,1,2,1,1,110,5120,70,470,45,Triple Bird PokÃ©mon,70,1000000,1.8,60,Dodorioãƒ‰ãƒ¼ãƒ‰ãƒªã‚ª,Dodrio,50,85,60,60,110,normal,flying,85.2,1,0
['Thick Fat'; 'Hydration'; 'Ice Body'],1,1,1,2,1,1,0.5,1,1,2,1,0.5,1,1,1,1,0.5,0.5,45,5120,70,325,190,Sea Lion PokÃ©mon,55,1000000,1.1,65,Pawouãƒ‘ã‚¦ãƒ¯ã‚¦,Seel,50,86,45,70,45,water,,90,1,0
['Thick Fat'; 'Hydration'; 'Ice Body'],1,1,1,2,1,2,1,1,1,2,1,0.25,1,1,1,2,1,0.5,70,5120,70,475,75,Sea Lion PokÃ©mon,80,1000000,1.7,90,Jugonã‚¸ãƒ¥ã‚´ãƒ³,Dewgong,50,87,70,95,70,water,ice,120,1,0
['Stench'; 'Sticky Hold'; 'Poison Touch'; 'Poison Touch'; 'Gluttony'; 'Power of Alchemy'],0.5,1,1,1,0.5,0.5,1,1,1,0.5,2,1,1,0.5,2,1,1,1,80,5120,70,325,190,Sludge PokÃ©mon,50,1000000,,80,Betbeterãƒ™ãƒˆãƒ™ã‚¿ãƒ¼,Grimer,50,88,40,50,25,poison,poison,,1,0
['Stench'; 'Sticky Hold'; 'Poison Touch'; 'Poison Touch'; 'Gluttony'; 'Power of Alchemy'],0.5,1,1,1,0.5,0.5,1,1,1,0.5,2,1,1,0.5,2,1,1,1,105,5120,70,500,75,Sludge PokÃ©mon,75,1000000,,105,Betbetonãƒ™ãƒˆãƒ™ãƒˆãƒ³,Muk,50,89,65,100,50,poison,poison,,1,0
['Shell Armor'; 'Skill Link'; 'Overcoat'],1,1,1,2,1,1,0.5,1,1,2,1,0.5,1,1,1,1,0.5,0.5,65,5120,70,305,190,Bivalve PokÃ©mon,100,1250000,0.3,30,Shellderã‚·ã‚§ãƒ«ãƒ€ãƒ¼,Shellder,50,90,45,25,40,water,,4,1,0
['Shell Armor'; 'Skill Link'; 'Overcoat'],1,1,1,2,1,2,1,1,1,2,1,0.25,1,1,1,2,1,0.5,95,5120,70,525,60,Bivalve PokÃ©mon,180,1250000,1.5,50,Parshenãƒ‘ãƒ«ã‚·ã‚§ãƒ³,Cloyster,50,91,85,45,70,water,ice,132.5,1,0
['Levitate'],0.25,2,1,1,0.5,0,1,1,2,0.5,2,1,0,0.25,2,1,1,1,35,5120,70,310,190,Gas PokÃ©mon,30,1059860,1.3,30,Ghosã‚´ãƒ¼ã‚¹,Gastly,50,92,100,35,80,ghost,poison,0.1,1,0
['Levitate'],0.25,2,1,1,0.5,0,1,1,2,0.5,2,1,0,0.25,2,1,1,1,50,5120,70,405,90,Gas PokÃ©mon,45,1059860,1.6,45,Ghostã‚´ãƒ¼ã‚¹ãƒˆ,Haunter,50,93,115,55,95,ghost,poison,0.1,1,0
['Cursed Body'],0.25,2,1,1,0.5,0,1,1,2,0.5,2,1,0,0.25,2,1,1,1,65,5120,70,600,45,Shadow PokÃ©mon,80,1059860,1.5,60,Gangarã‚²ãƒ³ã‚¬ãƒ¼,Gengar,50,94,170,95,130,ghost,poison,40.5,1,0
['Rock Head'; 'Sturdy'; 'Weak Armor'],1,1,1,0,1,2,0.5,0.5,1,4,2,2,0.5,0.25,1,0.5,2,4,45,6400,70,385,45,Rock Snake PokÃ©mon,160,1000000,8.8,35,Iwarkã‚¤ãƒ¯ãƒ¼ã‚¯,Onix,50,95,30,45,70,rock,ground,210,1,0
['Insomnia'; 'Forewarn'; 'Inner Focus'],2,2,1,1,1,0.5,1,1,2,1,1,1,1,1,0.5,1,1,1,48,5120,70,328,190,Hypnosis PokÃ©mon,45,1000000,1,60,Sleepeã‚¹ãƒªãƒ¼ãƒ—,Drowzee,50,96,43,90,42,psychic,,32.4,1,0
['Insomnia'; 'Forewarn'; 'Inner Focus'],2,2,1,1,1,0.5,1,1,2,1,1,1,1,1,0.5,1,1,1,73,5120,70,483,75,Hypnosis PokÃ©mon,70,1000000,1.6,85,Sleeperã‚¹ãƒªãƒ¼ãƒ‘ãƒ¼,Hypno,50,97,73,115,67,psychic,,75.6,1,0
['Hyper Cutter'; 'Shell Armor'; 'Sheer Force'],1,1,1,2,1,1,0.5,1,1,2,1,0.5,1,1,1,1,0.5,0.5,105,5120,70,325,225,River Crab PokÃ©mon,90,1000000,0.4,30,Crabã‚¯ãƒ©ãƒ–,Krabby,50,98,25,25,50,water,,6.5,1,0
['Hyper Cutter'; 'Shell Armor'; 'Sheer Force'],1,1,1,2,1,1,0.5,1,1,2,1,0.5,1,1,1,1,0.5,0.5,130,5120,70,475,60,Pincer PokÃ©mon,115,1000000,1.3,55,Kinglerã‚­ãƒ³ã‚°ãƒ©ãƒ¼,Kingler,50,99,50,50,75,water,,60,1,0
['Soundproof'; 'Static'; 'Aftermath'],1,1,1,0.5,1,1,1,0.5,1,1,2,1,1,1,1,1,0.5,1,30,5120,70,330,190,Ball PokÃ©mon,50,1000000,0.5,40,Biriridamaãƒ“ãƒªãƒªãƒ€ãƒž,Voltorb,,100,55,55,100,electric,,10.4,1,0
['Soundproof'; 'Static'; 'Aftermath'],1,1,1,0.5,1,1,1,0.5,1,1,2,1,1,1,1,1,0.5,1,50,5120,70,490,60,Ball PokÃ©mon,70,1000000,1.2,60,Marumineãƒžãƒ«ãƒžã‚¤ãƒ³,Electrode,,101,80,80,150,electric,,66.6,1,0
['Chlorophyll'; 'Harvest'],4,2,1,0.5,1,0.5,2,2,2,0.5,0.5,2,1,2,0.5,1,1,0.5,40,5120,70,325,90,Egg PokÃ©mon,80,1250000,0.4,60,Tamatamaã‚¿ãƒžã‚¿ãƒž,Exeggcute,50,102,60,45,40,grass,psychic,2.5,1,0
['Chlorophyll'; 'Harvest'; 'Frisk'; 'Harvest'],4,2,1,0.5,1,0.5,2,2,2,0.5,0.5,2,1,2,0.5,1,1,0.5,105,5120,70,530,45,Coconut PokÃ©mon,85,1250000,,95,NassyãƒŠãƒƒã‚·ãƒ¼,Exeggutor,50,103,125,75,45,grass,psychic,,1,0
['Rock Head'; 'Lightningrod'; 'Battle Armor'],1,1,1,0,1,1,1,1,1,2,1,2,1,0.5,1,0.5,1,2,50,5120,70,320,190,Lonely PokÃ©mon,95,1000000,0.4,50,Karakaraã‚«ãƒ©ã‚«ãƒ©,Cubone,50,104,40,50,35,ground,,6.5,1,0
['Rock Head'; 'Lightningrod'; 'Battle Armor'; 'Cursed Body'; 'Lightningrod'; 'Rock Head'],1,1,1,0,1,1,1,1,1,2,1,2,1,0.5,1,0.5,1,2,80,5120,70,425,75,Bone Keeper PokÃ©mon,110,1000000,,60,Garagaraã‚¬ãƒ©ã‚¬ãƒ©,Marowak,50,105,50,80,45,ground,fire,,1,0
['Limber'; 'Reckless'; 'Unburden'],0.5,0.5,1,1,2,1,1,2,1,1,1,1,1,1,2,0.5,1,1,120,6400,70,455,45,Kicking PokÃ©mon,53,1000000,1.5,50,Sawamularã‚µãƒ¯ãƒ ãƒ©ãƒ¼,Hitmonlee,100,106,35,110,87,fighting,,49.8,1,0
['Keen Eye'; 'Iron Fist'; 'Inner Focus'],0.5,0.5,1,1,2,1,1,2,1,1,1,1,1,1,2,0.5,1,1,105,6400,70,455,45,Punching PokÃ©mon,79,1000000,1.4,50,Ebiwalarã‚¨ãƒ“ãƒ¯ãƒ©ãƒ¼,Hitmonchan,100,107,35,110,76,fighting,,50.2,1,0
['Own Tempo'; 'Oblivious'; 'Cloud Nine'],1,1,1,1,1,2,1,1,0,1,1,1,1,1,1,1,1,1,55,5120,70,385,45,Licking PokÃ©mon,75,1000000,1.2,90,Beroringaãƒ™ãƒ­ãƒªãƒ³ã‚¬,Lickitung,50,108,60,75,30,normal,,65.5,1,0
['Levitate'],0.5,1,1,1,0.5,0.5,1,1,1,0.5,2,1,1,0.5,2,1,1,1,65,5120,70,340,190,Poison Gas PokÃ©mon,95,1000000,0.6,40,Dogarsãƒ‰ã‚¬ãƒ¼ã‚¹,Koffing,50,109,60,45,35,poison,,1,1,0
['Levitate'],0.5,1,1,1,0.5,0.5,1,1,1,0.5,2,1,1,0.5,2,1,1,1,90,5120,70,490,60,Poison Gas PokÃ©mon,120,1000000,1.2,65,Matadogasãƒžã‚¿ãƒ‰ã‚¬ã‚¹,Weezing,50,110,85,70,60,poison,,9.5,1,0
['Lightningrod'; 'Rock Head'; 'Reckless'],1,1,1,0,1,2,0.5,0.5,1,4,2,2,0.5,0.25,1,0.5,2,4,85,5120,70,345,120,Spikes PokÃ©mon,95,1250000,1,80,Sihornã‚µã‚¤ãƒ›ãƒ¼ãƒ³,Rhyhorn,50,111,30,30,25,ground,rock,115,1,0
['Lightningrod'; 'Rock Head'; 'Reckless'],1,1,1,0,1,2,0.5,0.5,1,4,2,2,0.5,0.25,1,0.5,2,4,130,5120,70,485,60,Drill PokÃ©mon,120,1250000,1.9,105,Sidonã‚µã‚¤ãƒ‰ãƒ³,Rhydon,50,112,45,45,40,ground,rock,120,1,0
['Natural Cure'; 'Serene Grace'; 'Healer'],1,1,1,1,1,2,1,1,0,1,1,1,1,1,1,1,1,1,5,10240,140,450,30,Egg PokÃ©mon,5,800000,1.1,250,Luckyãƒ©ãƒƒã‚­ãƒ¼,Chansey,0,113,35,105,50,normal,,34.6,1,0
['Chlorophyll'; 'Leaf Guard'; 'Regenerator'],2,1,1,0.5,1,1,2,2,1,0.5,0.5,2,1,2,1,1,1,0.5,55,5120,70,435,45,Vine PokÃ©mon,115,1000000,1,65,Monjaraãƒ¢ãƒ³ã‚¸ãƒ£ãƒ©,Tangela,50,114,100,40,60,grass,,35,1,0
['Early Bird'; 'Scrappy'; 'Inner Focus'],1,1,1,1,1,2,1,1,0,1,1,1,1,1,1,1,1,1,125,5120,70,590,45,Parent PokÃ©mon,100,1000000,2.2,105,Garuraã‚¬ãƒ«ãƒ¼ãƒ©,Kangaskhan,0,115,60,100,100,normal,,80,1,0
['Swift Swim'; 'Sniper'; 'Damp'],1,1,1,2,1,1,0.5,1,1,2,1,0.5,1,1,1,1,0.5,0.5,40,5120,70,295,225,Dragon PokÃ©mon,70,1000000,0.4,30,Tattuã‚¿ãƒƒãƒ„ãƒ¼,Horsea,50,116,70,25,60,water,,8,1,0
['Poison Point'; 'Sniper'; 'Damp'],1,1,1,2,1,1,0.5,1,1,2,1,0.5,1,1,1,1,0.5,0.5,65,5120,70,440,75,Dragon PokÃ©mon,95,1000000,1.2,55,Seadraã‚·ãƒ¼ãƒ‰ãƒ©,Seadra,50,117,95,45,85,water,,25,1,0
['Swift Swim'; 'Water Veil'; 'Lightningrod'],1,1,1,2,1,1,0.5,1,1,2,1,0.5,1,1,1,1,0.5,0.5,67,5120,70,320,225,Goldfish PokÃ©mon,60,1000000,0.6,45,Tosakintoãƒˆã‚µã‚­ãƒ³ãƒˆ,Goldeen,50,118,35,50,63,water,,15,1,0
['Swift Swim'; 'Water Veil'; 'Lightningrod'],1,1,1,2,1,1,0.5,1,1,2,1,0.5,1,1,1,1,0.5,0.5,92,5120,70,450,60,Goldfish PokÃ©mon,65,1000000,1.3,80,Azumaoã‚¢ã‚ºãƒžã‚ªã‚¦,Seaking,50,119,65,80,68,water,,39,1,0
['Illuminate'; 'Natural Cure'; 'Analytic'],1,1,1,2,1,1,0.5,1,1,2,1,0.5,1,1,1,1,0.5,0.5,45,5120,70,340,225,Starshape PokÃ©mon,55,1250000,0.8,30,Hitodemanãƒ’ãƒˆãƒ‡ãƒžãƒ³,Staryu,,120,70,55,85,water,,34.5,1,0
['Illuminate'; 'Natural Cure'; 'Analytic'],2,2,1,2,1,0.5,0.5,1,2,2,1,0.5,1,1,0.5,1,0.5,0.5,75,5120,70,520,60,Mysterious PokÃ©mon,85,1250000,1.1,60,Starmieã‚¹ã‚¿ãƒ¼ãƒŸãƒ¼,Starmie,,121,100,85,115,water,psychic,80,1,0
['Soundproof'; 'Filter'; 'Technician'],1,1,0,1,1,0.25,1,1,2,1,1,1,1,2,0.5,1,2,1,45,6400,70,460,45,Barrier PokÃ©mon,65,1000000,1.3,40,Barrierdãƒãƒªãƒ¤ãƒ¼ãƒ‰,Mr. Mime,50,122,100,120,90,psychic,fairy,54.5,1,0
['Swarm'; 'Technician'; 'Steadfast'],0.5,1,1,2,1,0.25,2,2,1,0.25,0,2,1,1,1,4,1,1,110,6400,70,500,45,Mantis PokÃ©mon,80,1000000,1.5,70,Strikeã‚¹ãƒˆãƒ©ã‚¤ã‚¯,Scyther,50,123,55,80,105,bug,flying,56,1,0
['Oblivious'; 'Forewarn'; 'Dry Skin'],2,2,1,1,1,1,2,1,2,1,1,0.5,1,1,0.5,2,2,1,50,6400,70,455,45,Humanshape PokÃ©mon,35,1000000,1.4,65,Rougelaãƒ«ãƒ¼ã‚¸ãƒ¥ãƒ©,Jynx,0,124,115,95,95,ice,psychic,40.6,1,0
['Static'; 'Vital Spirit'],1,1,1,0.5,1,1,1,0.5,1,1,2,1,1,1,1,1,0.5,1,83,6400,70,490,45,Electric PokÃ©mon,57,1000000,1.1,65,Elebooã‚¨ãƒ¬ãƒ–ãƒ¼,Electabuzz,75.4,125,95,85,105,electric,,30,1,0
['Flame Body'; 'Vital Spirit'],0.5,1,1,1,0.5,1,0.5,1,1,0.5,2,0.5,1,1,1,2,0.5,2,95,6400,70,495,45,Spitfire PokÃ©mon,57,1000000,1.3,65,Booberãƒ–ãƒ¼ãƒãƒ¼,Magmar,75.4,126,100,85,93,fire,,44.5,1,0
['Hyper Cutter'; 'Mold Breaker'; 'Moxie'],1,1,1,1,1,0.5,2,2,1,0.5,0.5,1,1,1,1,2,1,1,155,6400,70,600,45,Stagbeetle PokÃ©mon,120,1250000,1.5,65,Kailiosã‚«ã‚¤ãƒ­ã‚¹,Pinsir,50,127,65,90,105,bug,,55,1,0
['Intimidate'; 'Anger Point'; 'Sheer Force'],1,1,1,1,1,2,1,1,0,1,1,1,1,1,1,1,1,1,100,5120,70,490,45,Wild Bull PokÃ©mon,95,1250000,1.4,75,Kentaurosã‚±ãƒ³ã‚¿ãƒ­ã‚¹,Tauros,100,128,40,70,110,normal,,88.4,1,0
['Swift Swim'; 'Rattled'],1,1,1,2,1,1,0.5,1,1,2,1,0.5,1,1,1,1,0.5,0.5,10,1280,70,200,255,Fish PokÃ©mon,55,1250000,0.9,20,Koikingã‚³ã‚¤ã‚­ãƒ³ã‚°,Magikarp,50,129,15,20,80,water,,10,1,0
['Intimidate'; 'Moxie'],0.5,1,1,4,1,0.5,0.5,1,1,1,0,1,1,1,1,2,0.5,0.5,155,1280,70,640,45,Atrocious PokÃ©mon,109,1250000,6.5,95,Gyaradosã‚®ãƒ£ãƒ©ãƒ‰ã‚¹,Gyarados,50,130,70,130,81,water,flying,235,1,0
['Water Absorb'; 'Shell Armor'; 'Hydration'],1,1,1,2,1,2,1,1,1,2,1,0.25,1,1,1,2,1,0.5,85,10240,70,535,45,Transport PokÃ©mon,80,1250000,2.5,130,Laplaceãƒ©ãƒ—ãƒ©ã‚¹,Lapras,50,131,85,95,60,water,ice,220,1,0
['Limber'; 'Imposter'],1,1,1,1,1,2,1,1,0,1,1,1,1,1,1,1,1,1,48,5120,70,288,35,Transform PokÃ©mon,48,1000000,0.3,48,Metamonãƒ¡ã‚¿ãƒ¢ãƒ³,Ditto,,132,48,48,48,normal,,4,1,0
['Run Away'; 'Adaptability'; 'Anticipation'],1,1,1,1,1,2,1,1,0,1,1,1,1,1,1,1,1,1,55,8960,70,325,45,Evolution PokÃ©mon,50,1000000,0.3,55,Eievuiã‚¤ãƒ¼ãƒ–ã‚¤,Eevee,88.1,133,45,65,55,normal,,6.5,1,0
['Water Absorb'; 'Hydration'],1,1,1,2,1,1,0.5,1,1,2,1,0.5,1,1,1,1,0.5,0.5,65,8960,70,525,45,Bubble Jet PokÃ©mon,60,1000000,1,130,Showersã‚·ãƒ£ãƒ¯ãƒ¼ã‚º,Vaporeon,88.1,134,110,95,65,water,,29,1,0
['Volt Absorb'; 'Quick Feet'],1,1,1,0.5,1,1,1,0.5,1,1,2,1,1,1,1,1,0.5,1,65,8960,70,525,45,Lightning PokÃ©mon,60,1000000,0.8,65,Thundersã‚µãƒ³ãƒ€ãƒ¼ã‚¹,Jolteon,88.1,135,110,95,130,electric,,24.5,1,0
['Flash Fire'; 'Guts'],0.5,1,1,1,0.5,1,0.5,1,1,0.5,2,0.5,1,1,1,2,0.5,2,130,8960,70,525,45,Flame PokÃ©mon,60,1000000,0.9,65,Boosterãƒ–ãƒ¼ã‚¹ã‚¿ãƒ¼,Flareon,88.1,136,95,110,65,fire,,25,1,0
['Trace'; 'Download'; 'Analytic'],1,1,1,1,1,2,1,1,0,1,1,1,1,1,1,1,1,1,60,5120,70,395,45,Virtual PokÃ©mon,70,1000000,0.8,65,Porygonãƒãƒªã‚´ãƒ³,Porygon,,137,85,75,40,normal,,36.5,1,0
['Swift Swim'; 'Shell Armor'; 'Weak Armor'],1,1,1,2,1,2,0.25,0.5,1,4,2,0.5,0.5,0.5,1,1,1,1,40,7680,70,355,45,Spiral PokÃ©mon,100,1000000,0.4,35,Omniteã‚ªãƒ ãƒŠã‚¤ãƒˆ,Omanyte,88.1,138,90,55,35,rock,water,7.5,1,0
['Swift Swim'; 'Shell Armor'; 'Weak Armor'],1,1,1,2,1,2,0.25,0.5,1,4,2,0.5,0.5,0.5,1,1,1,1,60,7680,70,495,45,Spiral PokÃ©mon,125,1000000,1,70,Omstarã‚ªãƒ ã‚¹ã‚¿ãƒ¼,Omastar,88.1,139,115,70,55,rock,water,35,1,0
['Swift Swim'; 'Battle Armor'; 'Weak Armor'],1,1,1,2,1,2,0.25,0.5,1,4,2,0.5,0.5,0.5,1,1,1,1,80,7680,70,355,45,Shellfish PokÃ©mon,90,1000000,0.5,30,Kabutoã‚«ãƒ–ãƒˆ,Kabuto,88.1,140,55,45,55,rock,water,11.5,1,0
['Swift Swim'; 'Battle Armor'; 'Weak Armor'],1,1,1,2,1,2,0.25,0.5,1,4,2,0.5,0.5,0.5,1,1,1,1,115,7680,70,495,45,Shellfish PokÃ©mon,105,1000000,1.3,60,Kabutopsã‚«ãƒ–ãƒˆãƒ—ã‚¹,Kabutops,88.1,141,65,70,80,rock,water,40.5,1,0
['Rock Head'; 'Pressure'; 'Unnerve'],0.5,1,1,2,1,1,0.5,0.5,1,1,0,2,0.5,0.5,1,2,2,2,135,8960,70,615,45,Fossil PokÃ©mon,85,1250000,1.8,80,Pteraãƒ—ãƒ†ãƒ©,Aerodactyl,88.1,142,70,95,150,rock,flying,59,1,0
['Immunity'; 'Thick Fat'; 'Gluttony'],1,1,1,1,1,2,1,1,0,1,1,1,1,1,1,1,1,1,110,10240,70,540,25,Sleeping PokÃ©mon,65,1250000,2.1,160,Kabigonã‚«ãƒ“ã‚´ãƒ³,Snorlax,88.1,143,65,110,30,normal,,460,1,0
['Pressure'; 'Snow Cloak'],0.5,1,1,2,1,1,2,1,1,0.5,0,1,1,1,1,4,2,1,85,20480,35,580,3,Freeze PokÃ©mon,100,1250000,1.7,90,Freezerãƒ•ãƒªãƒ¼ã‚¶ãƒ¼,Articuno,,144,95,125,85,ice,flying,55.4,1,1
['Pressure'; 'Static'],0.5,1,1,1,1,0.5,1,0.5,1,0.5,0,2,1,1,1,2,0.5,1,90,20480,35,580,3,Electric PokÃ©mon,85,1250000,1.6,90,Thunderã‚µãƒ³ãƒ€ãƒ¼,Zapdos,,145,125,90,100,electric,flying,52.6,1,1
['Pressure'; 'Flame Body'],0.25,1,1,2,0.5,0.5,0.5,1,1,0.25,0,1,1,1,1,4,0.5,2,100,20480,35,580,3,Flame PokÃ©mon,90,1250000,2,90,Fireãƒ•ã‚¡ã‚¤ãƒ¤ãƒ¼,Moltres,,146,125,85,90,fire,flying,60,1,1
['Shed Skin'; 'Marvel Scale'],1,1,2,0.5,2,1,0.5,1,1,0.5,1,2,1,1,1,1,1,0.5,64,10240,35,300,45,Dragon PokÃ©mon,45,1250000,1.8,41,MiniryuãƒŸãƒ‹ãƒªãƒ¥ã‚¦,Dratini,50,147,50,50,50,dragon,,3.3,1,0
['Shed Skin'; 'Marvel Scale'],1,1,2,0.5,2,1,0.5,1,1,0.5,1,2,1,1,1,1,1,0.5,84,10240,35,420,45,Dragon PokÃ©mon,65,1250000,4,61,Hakuryuãƒã‚¯ãƒªãƒ¥ãƒ¼,Dragonair,50,148,70,70,70,dragon,,16.5,1,0
['Inner Focus'; 'Multiscale'],0.5,1,2,1,2,0.5,0.5,1,1,0.25,0,4,1,1,1,2,1,0.5,134,10240,35,600,45,Dragon PokÃ©mon,95,1250000,2.2,91,Kairyuã‚«ã‚¤ãƒªãƒ¥ãƒ¼,Dragonite,50,149,100,100,80,dragon,flying,210,1,0
['Pressure'; 'Unnerve'],2,2,1,1,1,0.5,1,1,2,1,1,1,1,1,0.5,1,1,1,150,30720,0,780,3,Genetic PokÃ©mon,70,1250000,2,106,MewtwoãƒŸãƒ¥ã‚¦ãƒ„ãƒ¼,Mewtwo,,150,194,120,140,psychic,,122,1,1
['Synchronize'],2,2,1,1,1,0.5,1,1,2,1,1,1,1,1,0.5,1,1,1,100,30720,100,600,45,New Species PokÃ©mon,100,1059860,0.4,100,MewãƒŸãƒ¥ã‚¦,Mew,,151,100,100,100,psychic,,4,1,1
